"experiment","jobId","nodes","procs","sample","problemSize","rank","ioTime","setupTime","computeTime","mpiTime","totalTime"
"baseline",1445522,2,32,1,64,31,0.0,3.7e-5,0.000759,0.000632,0.000799
"baseline",1445522,2,32,1,64,30,0.0,3.7e-5,0.003698,0.003575,0.003739
"baseline",1445522,2,32,1,64,29,0.0,3.4e-5,0.007683,0.007567,0.007721
"baseline",1445522,2,32,1,64,28,0.0,3.6e-5,0.012961,0.012849,0.013001
"baseline",1445522,2,32,1,64,27,0.0,3.7e-5,0.016708,0.016593,0.016747
"baseline",1445522,2,32,1,64,26,0.0,0.004066,0.021558,0.021444,0.025628
"baseline",1445522,2,32,1,64,25,0.0,0.017692,0.021633,0.021505,0.039329
"baseline",1445522,2,32,1,64,24,0.0,0.02704,0.021716,0.021604,0.04876
"baseline",1445522,2,32,1,64,23,0.0,0.038226,0.021784,0.02166,0.060012
"baseline",1445522,2,32,1,64,22,0.0,0.045514,0.021936,0.021816,0.067454
"baseline",1445522,2,32,1,64,21,0.0,0.056795,0.022004,0.021881,0.078802
"baseline",1445522,2,32,1,64,20,0.0,0.065021,0.022076,0.021949,0.087102
"baseline",1445522,2,32,1,64,19,0.0,0.079215,0.022149,0.022027,0.101367
"baseline",1445522,2,32,1,64,18,0.0,0.090897,0.022218,0.022104,0.113118
"baseline",1445522,2,32,1,64,17,0.0,0.102233,0.022291,0.022177,0.124527
"baseline",1445522,2,32,1,64,16,0.0,0.116875,0.022368,0.022259,0.13925
"baseline",1445522,2,32,1,64,15,0.0,4.7e-5,0.011611,0.011486,0.011662
"baseline",1445522,2,32,1,64,14,0.0,5.1e-5,0.018218,0.018077,0.018271
"baseline",1445522,2,32,1,64,13,0.0,0.018075,0.022585,0.022452,0.040664
"baseline",1445522,2,32,1,64,12,0.0,4.7e-5,0.003133,0.002993,0.003183
"baseline",1445522,2,32,1,64,11,0.0,4.7e-5,0.006867,0.00675,0.006917
"baseline",1445522,2,32,1,64,10,0.0,4.9e-5,0.013773,0.013638,0.013827
"baseline",1445522,2,32,1,64,9,0.0,4.8e-5,0.01028,0.010137,0.010332
"baseline",1445522,2,32,1,64,8,0.0,4.7e-5,0.008518,0.008353,0.008568
"baseline",1445522,2,32,1,64,7,0.0,4.7e-5,0.005722,0.005615,0.005771
"baseline",1445522,2,32,1,64,6,0.0,4.4e-5,0.004614,0.004492,0.004661
"baseline",1445522,2,32,1,64,5,0.0,0.001119,0.023236,0.023098,0.024358
"baseline",1445522,2,32,1,64,4,0.0,8.0e-5,0.021308,0.02119,0.021391
"baseline",1445522,2,32,1,64,3,0.0,4.7e-5,0.002865,0.002737,0.002915
"baseline",1445522,2,32,1,64,2,0.0,0.001139,0.023455,0.023397,0.024597
"baseline",1445522,2,32,1,64,1,0.0,8.4e-5,0.016474,0.016413,0.016561
"baseline",1445522,2,32,1,64,0,0.005688,0.000247,0.023495,0.023442,0.029463
"baseline",1445522,2,32,2,512,31,0.0,0.033222,0.006376,0.005028,0.039601
"baseline",1445522,2,32,2,512,30,0.0,0.035526,0.006458,0.005112,0.041987
"baseline",1445522,2,32,2,512,29,0.0,0.039159,0.006547,0.005188,0.045709
"baseline",1445522,2,32,2,512,28,0.0,0.044132,0.006653,0.005307,0.050788
"baseline",1445522,2,32,2,512,27,0.0,0.049816,0.006739,0.005415,0.056558
"baseline",1445522,2,32,2,512,26,0.0,0.060408,0.006823,0.005501,0.067236
"baseline",1445522,2,32,2,512,25,0.0,0.070878,0.006904,0.005585,0.077786
"baseline",1445522,2,32,2,512,24,0.0,0.078929,0.007008,0.005714,0.085941
"baseline",1445522,2,32,2,512,23,0.0,0.095154,0.007098,0.005811,0.102256
"baseline",1445522,2,32,2,512,22,0.0,0.104952,0.007265,0.005994,0.112219
"baseline",1445522,2,32,2,512,21,0.0,0.112631,0.00734,0.00611,0.119974
"baseline",1445522,2,32,2,512,20,0.0,0.122391,0.007437,0.00624,0.129829
"baseline",1445522,2,32,2,512,19,0.0,0.130556,0.007529,0.006366,0.138087
"baseline",1445522,2,32,2,512,18,0.0,0.141598,0.007627,0.006497,0.149228
"baseline",1445522,2,32,2,512,17,0.0,0.156615,0.007708,0.006609,0.164325
"baseline",1445522,2,32,2,512,16,0.0,0.172618,0.007804,0.006728,0.180427
"baseline",1445522,2,32,2,512,15,0.0,0.047725,0.007938,0.006923,0.055665
"baseline",1445522,2,32,2,512,14,0.0,0.042561,0.008089,0.007111,0.050654
"baseline",1445522,2,32,2,512,13,0.0,0.044853,0.008233,0.007313,0.05309
"baseline",1445522,2,32,2,512,12,0.0,0.033684,0.008399,0.007519,0.042087
"baseline",1445522,2,32,2,512,11,0.0,0.032676,0.008548,0.007715,0.041227
"baseline",1445522,2,32,2,512,10,0.0,0.050235,0.008694,0.007898,0.058934
"baseline",1445522,2,32,2,512,9,0.0,0.038642,0.008842,0.008109,0.047486
"baseline",1445522,2,32,2,512,8,0.0,0.040272,0.009006,0.008339,0.049281
"baseline",1445522,2,32,2,512,7,0.0,0.03571,0.009167,0.008545,0.04488
"baseline",1445522,2,32,2,512,6,0.0,0.052977,0.009368,0.008814,0.062347
"baseline",1445522,2,32,2,512,5,0.0,0.037006,0.009505,0.009008,0.046514
"baseline",1445522,2,32,2,512,4,0.0,0.066951,0.009653,0.009229,0.076609
"baseline",1445522,2,32,2,512,3,0.0,0.061584,0.009793,0.009429,0.071379
"baseline",1445522,2,32,2,512,2,0.0,0.059333,0.00993,0.009635,0.069264
"baseline",1445522,2,32,2,512,1,0.0,0.033987,0.010061,0.009839,0.04405
"baseline",1445522,2,32,2,512,0,0.056572,0.001374,0.008978,0.008809,0.067966
"baseline",1445522,2,32,3,1024,31,0.0,0.192326,0.023173,0.012248,0.2155
"baseline",1445522,2,32,3,1024,30,0.0,0.19468,0.023532,0.012715,0.218215
"baseline",1445522,2,32,3,1024,29,0.0,0.197175,0.023931,0.013233,0.221109
"baseline",1445522,2,32,3,1024,28,0.0,0.203268,0.024354,0.013218,0.227625
"baseline",1445522,2,32,3,1024,27,0.0,0.210829,0.024712,0.013664,0.235543
"baseline",1445522,2,32,3,1024,26,0.0,0.217907,0.025095,0.014634,0.243005
"baseline",1445522,2,32,3,1024,25,0.0,0.225775,0.025482,0.014788,0.251259
"baseline",1445522,2,32,3,1024,24,0.0,0.238716,0.02593,0.015526,0.26465
"baseline",1445522,2,32,3,1024,23,0.0,0.248724,0.026348,0.016066,0.275075
"baseline",1445522,2,32,3,1024,22,0.0,0.251862,0.026852,0.017052,0.278716
"baseline",1445522,2,32,3,1024,21,0.0,0.26728,0.027308,0.016852,0.294591
"baseline",1445522,2,32,3,1024,20,0.0,0.274521,0.027743,0.018031,0.302267
"baseline",1445522,2,32,3,1024,19,0.0,0.285813,0.028185,0.01813,0.314002
"baseline",1445522,2,32,3,1024,18,0.0,0.297093,0.028631,0.019198,0.325727
"baseline",1445522,2,32,3,1024,17,0.0,0.308455,0.029054,0.020271,0.337512
"baseline",1445522,2,32,3,1024,16,0.0,0.321721,0.029518,0.020102,0.351243
"baseline",1445522,2,32,3,1024,15,0.0,0.214787,0.030008,0.021964,0.244799
"baseline",1445522,2,32,3,1024,14,0.0,0.190133,0.030299,0.022413,0.220435
"baseline",1445522,2,32,3,1024,13,0.0,0.195577,0.030636,0.02311,0.226215
"baseline",1445522,2,32,3,1024,12,0.0,0.19284,0.030968,0.023574,0.22381
"baseline",1445522,2,32,3,1024,11,0.0,0.188333,0.03127,0.024599,0.219606
"baseline",1445522,2,32,3,1024,10,0.0,0.202858,0.031572,0.025065,0.234433
"baseline",1445522,2,32,3,1024,9,0.0,0.19989,0.031876,0.02593,0.231769
"baseline",1445522,2,32,3,1024,8,0.0,0.193883,0.032199,0.026515,0.226083
"baseline",1445522,2,32,3,1024,7,0.0,0.199913,0.032513,0.027554,0.232429
"baseline",1445522,2,32,3,1024,6,0.0,0.186374,0.032821,0.028352,0.219198
"baseline",1445522,2,32,3,1024,5,0.0,0.197377,0.033107,0.029162,0.230488
"baseline",1445522,2,32,3,1024,4,0.0,0.203723,0.033407,0.030265,0.237132
"baseline",1445522,2,32,3,1024,3,0.0,0.189589,0.033696,0.031068,0.223287
"baseline",1445522,2,32,3,1024,2,0.0,0.184727,0.033986,0.031975,0.218716
"baseline",1445522,2,32,3,1024,1,0.0,0.203331,0.034278,0.033039,0.237612
"baseline",1445522,2,32,3,1024,0,0.217728,0.008256,0.026507,0.025751,0.25553
"baseline",1445522,2,32,4,2048,31,0.0,1.345077,0.176902,0.067339,1.521981
"baseline",1445522,2,32,4,2048,30,0.0,1.347251,0.17781,0.067982,1.525064
"baseline",1445522,2,32,4,2048,29,0.0,1.349787,0.178673,0.069063,1.528463
"baseline",1445522,2,32,4,2048,28,0.0,1.35679,0.179622,0.071182,1.536415
"baseline",1445522,2,32,4,2048,27,0.0,1.365752,0.180496,0.073001,1.546251
"baseline",1445522,2,32,4,2048,26,0.0,1.374665,0.181387,0.074394,1.556055
"baseline",1445522,2,32,4,2048,25,0.0,1.385529,0.182324,0.077732,1.567856
"baseline",1445522,2,32,4,2048,24,0.0,1.39491,0.183302,0.079058,1.578216
"baseline",1445522,2,32,4,2048,23,0.0,1.403197,0.184298,0.083141,1.587499
"baseline",1445522,2,32,4,2048,22,0.0,1.411651,0.185255,0.085237,1.596908
"baseline",1445522,2,32,4,2048,21,0.0,1.418694,0.18622,0.088318,1.604917
"baseline",1445522,2,32,4,2048,20,0.0,1.429266,0.187217,0.090424,1.616485
"baseline",1445522,2,32,4,2048,19,0.0,1.440481,0.188269,0.093773,1.628754
"baseline",1445522,2,32,4,2048,18,0.0,1.445513,0.189258,0.098441,1.634773
"baseline",1445522,2,32,4,2048,17,0.0,1.455582,0.190292,0.102859,1.645877
"baseline",1445522,2,32,4,2048,16,0.0,1.470335,0.191342,0.107888,1.661681
"baseline",1445522,2,32,4,2048,15,0.0,1.3449,0.192489,0.112277,1.537392
"baseline",1445522,2,32,4,2048,14,0.0,1.340222,0.193447,0.115745,1.533672
"baseline",1445522,2,32,4,2048,13,0.0,1.352502,0.194358,0.12035,1.546863
"baseline",1445522,2,32,4,2048,12,0.0,1.330784,0.195321,0.125142,1.526108
"baseline",1445522,2,32,4,2048,11,0.0,1.344114,0.196277,0.130254,1.540394
"baseline",1445522,2,32,4,2048,10,0.0,1.359406,0.197238,0.135948,1.556647
"baseline",1445522,2,32,4,2048,9,0.0,1.332004,0.198225,0.141735,1.530232
"baseline",1445522,2,32,4,2048,8,0.0,1.332897,0.199263,0.147866,1.532163
"baseline",1445522,2,32,4,2048,7,0.0,1.339223,0.200255,0.155216,1.539482
"baseline",1445522,2,32,4,2048,6,0.0,1.332744,0.201235,0.161055,1.533982
"baseline",1445522,2,32,4,2048,5,0.0,1.326383,0.202209,0.167461,1.528596
"baseline",1445522,2,32,4,2048,4,0.0,1.325491,0.203213,0.173908,1.528707
"baseline",1445522,2,32,4,2048,3,0.0,1.333339,0.204211,0.180824,1.537553
"baseline",1445522,2,32,4,2048,2,0.0,1.343811,0.205213,0.18801,1.549027
"baseline",1445522,2,32,4,2048,1,0.0,1.342626,0.206247,0.195377,1.548877
"baseline",1445522,2,32,4,2048,0,1.339741,0.022785,0.184743,0.179971,1.559442
"baseline",1445522,2,32,5,4096,31,0.0,4.072228,2.826994,0.670268,6.899224
"baseline",1445522,2,32,5,4096,30,0.0,4.073742,2.829472,0.268652,6.903217
"baseline",1445522,2,32,5,4096,29,0.0,4.075166,2.831415,0.28448,6.906585
"baseline",1445522,2,32,5,4096,28,0.0,4.080051,2.834842,0.27655,6.914894
"baseline",1445522,2,32,5,4096,27,0.0,4.085183,2.836983,0.292423,6.922168
"baseline",1445522,2,32,5,4096,26,0.0,4.091714,2.839144,0.305247,6.93086
"baseline",1445522,2,32,5,4096,25,0.0,4.096538,2.841378,0.748906,6.937919
"baseline",1445522,2,32,5,4096,24,0.0,4.107878,2.844271,0.345918,6.952152
"baseline",1445522,2,32,5,4096,23,0.0,4.118626,2.846464,0.762599,6.965092
"baseline",1445522,2,32,5,4096,22,0.0,4.12584,2.848723,0.850852,6.974565
"baseline",1445522,2,32,5,4096,21,0.0,4.133336,2.851613,0.767028,6.984951
"baseline",1445522,2,32,5,4096,20,0.0,4.142206,2.854081,0.879603,6.99629
"baseline",1445522,2,32,5,4096,19,0.0,4.149031,2.857194,0.940432,7.006228
"baseline",1445522,2,32,5,4096,18,0.0,4.155926,2.860467,0.828612,7.016395
"baseline",1445522,2,32,5,4096,17,0.0,4.166085,2.863178,0.860142,7.029265
"baseline",1445522,2,32,5,4096,16,0.0,4.174503,2.866019,0.888241,7.040525
"baseline",1445522,2,32,5,4096,15,0.0,4.058651,2.868683,1.051304,6.927339
"baseline",1445522,2,32,5,4096,14,0.0,4.0483,2.871069,1.067186,6.919371
"baseline",1445522,2,32,5,4096,13,0.0,4.061447,2.873807,1.123591,6.935257
"baseline",1445522,2,32,5,4096,12,0.0,4.063276,2.876643,1.153359,6.939923
"baseline",1445522,2,32,5,4096,11,0.0,4.046112,2.87954,1.193445,6.925655
"baseline",1445522,2,32,5,4096,10,0.0,4.046748,2.882463,1.270613,6.929213
"baseline",1445522,2,32,5,4096,9,0.0,4.061241,2.885415,1.316031,6.94666
"baseline",1445522,2,32,5,4096,8,0.0,4.04668,2.888396,1.456839,6.935079
"baseline",1445522,2,32,5,4096,7,0.0,4.030754,2.891055,2.310115,6.921812
"baseline",1445522,2,32,5,4096,6,0.0,4.029453,2.893938,2.351732,6.923394
"baseline",1445522,2,32,5,4096,5,0.0,4.033855,2.897055,2.398676,6.930912
"baseline",1445522,2,32,5,4096,4,0.0,4.030772,2.900263,2.450275,6.931039
"baseline",1445522,2,32,5,4096,3,0.0,4.023906,2.903525,2.511784,6.927433
"baseline",1445522,2,32,5,4096,2,0.0,4.023535,2.906822,2.575653,6.930359
"baseline",1445522,2,32,5,4096,1,0.0,4.025219,2.910127,2.707765,6.935349
"baseline",1445522,2,32,5,4096,0,3.998173,0.054566,2.859511,2.826201,6.959576
"baseline",1445522,2,32,6,8192,31,0.0,14.538002,29.626188,1.747226,44.164194
"baseline",1445522,2,32,6,8192,30,0.0,14.53424,29.635218,1.667112,44.16946
"baseline",1445522,2,32,6,8192,29,0.0,14.528838,29.64426,1.492604,44.173101
"baseline",1445522,2,32,6,8192,28,0.0,14.525932,29.653561,1.804799,44.179496
"baseline",1445522,2,32,6,8192,27,0.0,14.533366,29.663122,1.725601,44.196491
"baseline",1445522,2,32,6,8192,26,0.0,14.530952,29.674325,2.125773,44.20528
"baseline",1445522,2,32,6,8192,25,0.0,14.528216,29.684422,2.297118,44.21264
"baseline",1445522,2,32,6,8192,24,0.0,14.529698,29.694744,2.846419,44.224446
"baseline",1445522,2,32,6,8192,23,0.0,14.530137,29.70529,5.353411,44.235429
"baseline",1445522,2,32,6,8192,22,0.0,14.531242,29.717642,5.142742,44.248886
"baseline",1445522,2,32,6,8192,21,0.0,14.537101,29.72886,5.355191,44.265963
"baseline",1445522,2,32,6,8192,20,0.0,14.536368,29.740337,5.691454,44.276707
"baseline",1445522,2,32,6,8192,19,0.0,14.540145,29.75206,5.896475,44.292208
"baseline",1445522,2,32,6,8192,18,0.0,14.541411,29.765432,6.287044,44.306846
"baseline",1445522,2,32,6,8192,17,0.0,14.543295,29.777689,6.88194,44.320987
"baseline",1445522,2,32,6,8192,16,0.0,14.551851,29.790231,7.584183,44.342087
"baseline",1445522,2,32,6,8192,15,0.0,14.402687,29.803204,12.794647,44.205895
"baseline",1445522,2,32,6,8192,14,0.0,14.409046,29.81512,12.955478,44.22417
"baseline",1445522,2,32,6,8192,13,0.0,14.409177,29.827241,13.299699,44.236421
"baseline",1445522,2,32,6,8192,12,0.0,14.386341,29.839669,13.751361,44.226013
"baseline",1445522,2,32,6,8192,11,0.0,14.390655,29.852333,14.384983,44.242992
"baseline",1445522,2,32,6,8192,10,0.0,14.390005,29.865279,15.150931,44.255288
"baseline",1445522,2,32,6,8192,9,0.0,14.372461,29.878484,16.106443,44.250948
"baseline",1445522,2,32,6,8192,8,0.0,14.360038,29.89183,17.24762,44.251871
"baseline",1445522,2,32,6,8192,7,0.0,14.372303,29.9061,23.326514,44.278407
"baseline",1445522,2,32,6,8192,6,0.0,14.343979,29.919868,23.672303,44.26385
"baseline",1445522,2,32,6,8192,5,0.0,14.343422,29.933833,24.18438,44.27726
"baseline",1445522,2,32,6,8192,4,0.0,14.357584,29.948142,24.822567,44.305729
"baseline",1445522,2,32,6,8192,3,0.0,14.328318,29.962758,25.648626,44.291079
"baseline",1445522,2,32,6,8192,2,0.0,14.314263,29.977849,26.832678,44.292114
"baseline",1445522,2,32,6,8192,1,0.0,14.310118,29.99281,28.170233,44.30293
"baseline",1445522,2,32,6,8192,0,14.136649,0.244528,29.764127,29.510948,44.333617
"baseline",1445538,2,32,1,64,31,0.0,3.7e-5,0.000434,0.000354,0.000473
"baseline",1445538,2,32,1,64,30,0.0,3.7e-5,0.005185,0.005095,0.005224
"baseline",1445538,2,32,1,64,29,0.0,3.7e-5,0.009013,0.008907,0.009053
"baseline",1445538,2,32,1,64,28,0.0,0.004738,0.010369,0.010255,0.015111
"baseline",1445538,2,32,1,64,27,0.0,0.015501,0.010442,0.010329,0.025947
"baseline",1445538,2,32,1,64,26,0.0,0.018873,0.010516,0.010399,0.029394
"baseline",1445538,2,32,1,64,25,0.0,0.027906,0.010594,0.010482,0.038506
"baseline",1445538,2,32,1,64,24,0.0,0.039348,0.010674,0.010564,0.050027
"baseline",1445538,2,32,1,64,23,0.0,0.049596,0.010741,0.010653,0.060341
"baseline",1445538,2,32,1,64,22,0.0,0.057543,0.010884,0.010779,0.068431
"baseline",1445538,2,32,1,64,21,0.0,0.068215,0.010954,0.010847,0.079173
"baseline",1445538,2,32,1,64,20,0.0,0.08319,0.011023,0.010925,0.09422
"baseline",1445538,2,32,1,64,19,0.0,0.094149,0.011096,0.010989,0.10525
"baseline",1445538,2,32,1,64,18,0.0,0.10676,0.011158,0.011039,0.117924
"baseline",1445538,2,32,1,64,17,0.0,0.120088,0.01123,0.011139,0.131323
"baseline",1445538,2,32,1,64,16,0.0,0.132006,0.011307,0.011218,0.143323
"baseline",1445538,2,32,1,64,15,0.0,4.4e-5,0.001637,0.001583,0.001682
"baseline",1445538,2,32,1,64,14,0.0,0.014806,0.011455,0.011378,0.026266
"baseline",1445538,2,32,1,64,13,0.0,4.5e-5,0.0027,0.002645,0.002748
"baseline",1445538,2,32,1,64,12,0.0,4.5e-5,0.006093,0.006038,0.006141
"baseline",1445538,2,32,1,64,11,0.0,4.4e-5,0.003819,0.003766,0.003867
"baseline",1445538,2,32,1,64,10,0.0,4.8e-5,0.010841,0.01074,0.010892
"baseline",1445538,2,32,1,64,9,0.0,0.009947,0.011804,0.011701,0.021754
"baseline",1445538,2,32,1,64,8,0.0,0.004305,0.011874,0.011765,0.016182
"baseline",1445538,2,32,1,64,7,0.0,0.000965,0.011941,0.011823,0.012909
"baseline",1445538,2,32,1,64,6,0.0,4.3e-5,0.00941,0.009281,0.009456
"baseline",1445538,2,32,1,64,5,0.0,0.017314,0.01216,0.012028,0.029478
"baseline",1445538,2,32,1,64,4,0.0,0.019774,0.012228,0.012098,0.032008
"baseline",1445538,2,32,1,64,3,0.0,0.00677,0.012291,0.012162,0.019064
"baseline",1445538,2,32,1,64,2,0.0,4.2e-5,0.008288,0.008187,0.008332
"baseline",1445538,2,32,1,64,1,0.0,0.012354,0.012419,0.012355,0.024776
"baseline",1445538,2,32,1,64,0,0.004106,0.00014,0.012455,0.012392,0.01672
"baseline",1445538,2,32,2,512,31,0.0,0.036662,0.006419,0.005056,0.043084
"baseline",1445538,2,32,2,512,30,0.0,0.03907,0.006502,0.005143,0.045573
"baseline",1445538,2,32,2,512,29,0.0,0.044326,0.006584,0.005235,0.050913
"baseline",1445538,2,32,2,512,28,0.0,0.049702,0.006688,0.005349,0.056393
"baseline",1445538,2,32,2,512,27,0.0,0.057273,0.006775,0.005448,0.064052
"baseline",1445538,2,32,2,512,26,0.0,0.0638,0.006857,0.005539,0.070661
"baseline",1445538,2,32,2,512,25,0.0,0.074852,0.006949,0.005651,0.081805
"baseline",1445538,2,32,2,512,24,0.0,0.081191,0.00705,0.005721,0.088245
"baseline",1445538,2,32,2,512,23,0.0,0.093388,0.007145,0.005859,0.100535
"baseline",1445538,2,32,2,512,22,0.0,0.102766,0.007299,0.006057,0.110068
"baseline",1445538,2,32,2,512,21,0.0,0.115139,0.007377,0.00615,0.122519
"baseline",1445538,2,32,2,512,20,0.0,0.124068,0.007479,0.006259,0.131548
"baseline",1445538,2,32,2,512,19,0.0,0.135289,0.007566,0.006395,0.142856
"baseline",1445538,2,32,2,512,18,0.0,0.142992,0.007649,0.0065,0.150643
"baseline",1445538,2,32,2,512,17,0.0,0.157426,0.007731,0.006624,0.165161
"baseline",1445538,2,32,2,512,16,0.0,0.170326,0.007828,0.006742,0.178159
"baseline",1445538,2,32,2,512,15,0.0,0.043163,0.007965,0.006949,0.051131
"baseline",1445538,2,32,2,512,14,0.0,0.059442,0.008105,0.007128,0.067551
"baseline",1445538,2,32,2,512,13,0.0,0.052994,0.008272,0.007324,0.06127
"baseline",1445538,2,32,2,512,12,0.0,0.037223,0.008434,0.007555,0.04566
"baseline",1445538,2,32,2,512,11,0.0,0.065878,0.008583,0.007747,0.074466
"baseline",1445538,2,32,2,512,10,0.0,0.04575,0.00873,0.007954,0.054482
"baseline",1445538,2,32,2,512,9,0.0,0.039335,0.008871,0.008149,0.04821
"baseline",1445538,2,32,2,512,8,0.0,0.047496,0.009048,0.008377,0.056546
"baseline",1445538,2,32,2,512,7,0.0,0.054537,0.009202,0.008585,0.063741
"baseline",1445538,2,32,2,512,6,0.0,0.040748,0.009405,0.008846,0.050157
"baseline",1445538,2,32,2,512,5,0.0,0.047754,0.00954,0.00905,0.057296
"baseline",1445538,2,32,2,512,4,0.0,0.035672,0.00968,0.009259,0.045354
"baseline",1445538,2,32,2,512,3,0.0,0.061465,0.009811,0.009456,0.07128
"baseline",1445538,2,32,2,512,2,0.0,0.041974,0.009943,0.009646,0.05192
"baseline",1445538,2,32,2,512,1,0.0,0.037511,0.010077,0.009859,0.04759
"baseline",1445538,2,32,2,512,0,0.057158,0.001352,0.008998,0.008829,0.068527
"baseline",1445538,2,32,3,1024,31,0.0,0.199968,0.023967,0.012789,0.223937
"baseline",1445538,2,32,3,1024,30,0.0,0.20188,0.02432,0.013327,0.226202
"baseline",1445538,2,32,3,1024,29,0.0,0.205463,0.024679,0.013858,0.230145
"baseline",1445538,2,32,3,1024,28,0.0,0.206893,0.025086,0.014005,0.231981
"baseline",1445538,2,32,3,1024,27,0.0,0.217432,0.025453,0.014407,0.242888
"baseline",1445538,2,32,3,1024,26,0.0,0.228161,0.025821,0.014989,0.253986
"baseline",1445538,2,32,3,1024,25,0.0,0.231035,0.026195,0.015656,0.257233
"baseline",1445538,2,32,3,1024,24,0.0,0.243056,0.026606,0.016284,0.269665
"baseline",1445538,2,32,3,1024,23,0.0,0.257034,0.027034,0.016545,0.28407
"baseline",1445538,2,32,3,1024,22,0.0,0.264411,0.027522,0.017481,0.291936
"baseline",1445538,2,32,3,1024,21,0.0,0.276205,0.02796,0.017612,0.304168
"baseline",1445538,2,32,3,1024,20,0.0,0.286232,0.028415,0.018422,0.314648
"baseline",1445538,2,32,3,1024,19,0.0,0.298419,0.028822,0.0195,0.327244
"baseline",1445538,2,32,3,1024,18,0.0,0.306664,0.029222,0.019388,0.335888
"baseline",1445538,2,32,3,1024,17,0.0,0.320981,0.029676,0.02024,0.350658
"baseline",1445538,2,32,3,1024,16,0.0,0.333845,0.030187,0.021494,0.364036
"baseline",1445538,2,32,3,1024,15,0.0,0.22159,0.030673,0.021765,0.252266
"baseline",1445538,2,32,3,1024,14,0.0,0.214979,0.031004,0.022189,0.245985
"baseline",1445538,2,32,3,1024,13,0.0,0.196472,0.031296,0.024123,0.227771
"baseline",1445538,2,32,3,1024,12,0.0,0.199041,0.031629,0.024679,0.230672
"baseline",1445538,2,32,3,1024,11,0.0,0.204448,0.031931,0.025185,0.236382
"baseline",1445538,2,32,3,1024,10,0.0,0.227874,0.032234,0.025912,0.260111
"baseline",1445538,2,32,3,1024,9,0.0,0.201915,0.032536,0.026613,0.234453
"baseline",1445538,2,32,3,1024,8,0.0,0.193559,0.032869,0.027133,0.226431
"baseline",1445538,2,32,3,1024,7,0.0,0.206685,0.033178,0.028314,0.239865
"baseline",1445538,2,32,3,1024,6,0.0,0.199378,0.033484,0.029172,0.232865
"baseline",1445538,2,32,3,1024,5,0.0,0.194014,0.033767,0.03021,0.227783
"baseline",1445538,2,32,3,1024,4,0.0,0.195079,0.034063,0.0309,0.229145
"baseline",1445538,2,32,3,1024,3,0.0,0.209891,0.034355,0.031697,0.244249
"baseline",1445538,2,32,3,1024,2,0.0,0.221812,0.034652,0.03268,0.256467
"baseline",1445538,2,32,3,1024,1,0.0,0.207583,0.034945,0.033668,0.24253
"baseline",1445538,2,32,3,1024,0,0.214552,0.008118,0.02732,0.026303,0.253125
"baseline",1445538,2,32,4,2048,31,0.0,0.850646,0.177222,0.068683,1.027869
"baseline",1445538,2,32,4,2048,30,0.0,0.852859,0.178078,0.068311,1.03094
"baseline",1445538,2,32,4,2048,29,0.0,0.859477,0.178952,0.068965,1.038431
"baseline",1445538,2,32,4,2048,28,0.0,0.863588,0.179873,0.070007,1.043463
"baseline",1445538,2,32,4,2048,27,0.0,0.870945,0.180775,0.072448,1.051723
"baseline",1445538,2,32,4,2048,26,0.0,0.878935,0.181703,0.074122,1.060641
"baseline",1445538,2,32,4,2048,25,0.0,0.884718,0.182632,0.07711,1.067351
"baseline",1445538,2,32,4,2048,24,0.0,0.89007,0.183615,0.080766,1.073689
"baseline",1445538,2,32,4,2048,23,0.0,0.90715,0.184621,0.083466,1.091773
"baseline",1445538,2,32,4,2048,22,0.0,0.915996,0.185588,0.085584,1.101587
"baseline",1445538,2,32,4,2048,21,0.0,0.925171,0.18652,0.088324,1.111693
"baseline",1445538,2,32,4,2048,20,0.0,0.931993,0.187534,0.0909,1.11953
"baseline",1445538,2,32,4,2048,19,0.0,0.943648,0.188564,0.094087,1.132214
"baseline",1445538,2,32,4,2048,18,0.0,0.955072,0.189615,0.098985,1.144689
"baseline",1445538,2,32,4,2048,17,0.0,0.968761,0.190647,0.103526,1.15941
"baseline",1445538,2,32,4,2048,16,0.0,0.982173,0.191682,0.107456,1.17386
"baseline",1445538,2,32,4,2048,15,0.0,0.863588,0.192859,0.112231,1.056451
"baseline",1445538,2,32,4,2048,14,0.0,0.86598,0.193812,0.116214,1.059796
"baseline",1445538,2,32,4,2048,13,0.0,0.842547,0.19473,0.121098,1.03728
"baseline",1445538,2,32,4,2048,12,0.0,0.850749,0.195694,0.125537,1.046444
"baseline",1445538,2,32,4,2048,11,0.0,0.83985,0.196669,0.130467,1.036521
"baseline",1445538,2,32,4,2048,10,0.0,0.834778,0.197649,0.136431,1.032429
"baseline",1445538,2,32,4,2048,9,0.0,0.835145,0.198642,0.141899,1.033788
"baseline",1445538,2,32,4,2048,8,0.0,0.846026,0.199668,0.148258,1.045697
"baseline",1445538,2,32,4,2048,7,0.0,0.849769,0.200657,0.15562,1.05043
"baseline",1445538,2,32,4,2048,6,0.0,0.839577,0.201636,0.161571,1.041216
"baseline",1445538,2,32,4,2048,5,0.0,0.834541,0.202583,0.167574,1.037126
"baseline",1445538,2,32,4,2048,4,0.0,0.851136,0.203538,0.17431,1.054676
"baseline",1445538,2,32,4,2048,3,0.0,0.840428,0.20453,0.181081,1.04496
"baseline",1445538,2,32,4,2048,2,0.0,0.831776,0.205539,0.188267,1.037317
"baseline",1445538,2,32,4,2048,1,0.0,0.85109,0.206582,0.195663,1.057677
"baseline",1445538,2,32,4,2048,0,1.255985,0.022824,0.185055,0.180267,1.47605
"baseline",1445538,2,32,5,4096,31,0.0,3.81865,3.21126,0.243242,7.029914
"baseline",1445538,2,32,5,4096,30,0.0,3.818725,3.21318,0.214409,7.031908
"baseline",1445538,2,32,5,4096,29,0.0,3.818402,3.215119,0.20514,7.033524
"baseline",1445538,2,32,5,4096,28,0.0,3.822865,3.218549,0.237813,7.041418
"baseline",1445538,2,32,5,4096,27,0.0,3.827154,3.220696,0.224201,7.047853
"baseline",1445538,2,32,5,4096,26,0.0,3.830858,3.22293,0.258964,7.053791
"baseline",1445538,2,32,5,4096,25,0.0,3.843457,3.225141,0.31539,7.068601
"baseline",1445538,2,32,5,4096,24,0.0,3.8535,3.227414,0.34447,7.080917
"baseline",1445538,2,32,5,4096,23,0.0,3.865304,3.229637,0.943496,7.094944
"baseline",1445538,2,32,5,4096,22,0.0,3.873795,3.231889,0.950839,7.105687
"baseline",1445538,2,32,5,4096,21,0.0,3.883805,3.234206,1.170715,7.118012
"baseline",1445538,2,32,5,4096,20,0.0,3.890803,3.237215,1.173907,7.12802
"baseline",1445538,2,32,5,4096,19,0.0,3.895061,3.240411,0.988073,7.135473
"baseline",1445538,2,32,5,4096,18,0.0,3.907437,3.243095,1.018939,7.150534
"baseline",1445538,2,32,5,4096,17,0.0,3.917363,3.245855,1.037178,7.163221
"baseline",1445538,2,32,5,4096,16,0.0,3.929597,3.248675,1.175686,7.178277
"baseline",1445538,2,32,5,4096,15,0.0,3.800221,3.251361,1.471178,7.051585
"baseline",1445538,2,32,5,4096,14,0.0,3.792688,3.253741,1.474075,7.046432
"baseline",1445538,2,32,5,4096,13,0.0,3.787972,3.256492,1.499273,7.044467
"baseline",1445538,2,32,5,4096,12,0.0,3.816557,3.259331,1.549703,7.075892
"baseline",1445538,2,32,5,4096,11,0.0,3.78603,3.262218,1.589218,7.048251
"baseline",1445538,2,32,5,4096,10,0.0,3.800096,3.26513,1.665159,7.06523
"baseline",1445538,2,32,5,4096,9,0.0,3.796336,3.26806,1.733943,7.064399
"baseline",1445538,2,32,5,4096,8,0.0,3.779636,3.271055,1.847482,7.050693
"baseline",1445538,2,32,5,4096,7,0.0,3.806161,3.273529,2.688985,7.079693
"baseline",1445538,2,32,5,4096,6,0.0,3.783472,3.276111,2.73055,7.059586
"baseline",1445538,2,32,5,4096,5,0.0,3.80993,3.279182,2.778771,7.089115
"baseline",1445538,2,32,5,4096,4,0.0,3.799293,3.282393,2.83022,7.081689
"baseline",1445538,2,32,5,4096,3,0.0,3.772028,3.285704,2.886488,7.057735
"baseline",1445538,2,32,5,4096,2,0.0,3.780007,3.289078,2.957408,7.069089
"baseline",1445538,2,32,5,4096,1,0.0,3.791249,3.292421,3.089101,7.083672
"baseline",1445538,2,32,5,4096,0,3.739316,0.052891,3.243547,3.210185,7.083095
"baseline",1445538,2,32,6,8192,31,0.0,13.992759,29.120185,1.197515,43.112948
"baseline",1445538,2,32,6,8192,30,0.0,13.988804,29.129162,1.669564,43.117969
"baseline",1445538,2,32,6,8192,29,0.0,13.984208,29.138064,1.258373,43.122276
"baseline",1445538,2,32,6,8192,28,0.0,13.981715,29.147391,1.27526,43.129109
"baseline",1445538,2,32,6,8192,27,0.0,13.978359,29.156902,1.319701,43.135264
"baseline",1445538,2,32,6,8192,26,0.0,13.979668,29.168009,1.568632,43.147681
"baseline",1445538,2,32,6,8192,25,0.0,13.979103,29.178136,1.886122,43.157242
"baseline",1445538,2,32,6,8192,24,0.0,13.978928,29.188318,2.138182,43.16725
"baseline",1445538,2,32,6,8192,23,0.0,13.987544,29.198341,4.636187,43.185888
"baseline",1445538,2,32,6,8192,22,0.0,13.985608,29.210863,4.70117,43.196474
"baseline",1445538,2,32,6,8192,21,0.0,13.989219,29.22209,4.924847,43.211312
"baseline",1445538,2,32,6,8192,20,0.0,13.988894,29.233569,5.662702,43.222466
"baseline",1445538,2,32,6,8192,19,0.0,13.993451,29.245201,5.527491,43.238656
"baseline",1445538,2,32,6,8192,18,0.0,13.995085,29.258652,5.889157,43.25374
"baseline",1445538,2,32,6,8192,17,0.0,13.997328,29.270901,6.508066,43.268233
"baseline",1445538,2,32,6,8192,16,0.0,14.002852,29.283368,7.226909,43.286224
"baseline",1445538,2,32,6,8192,15,0.0,13.859078,29.296368,12.194704,43.15545
"baseline",1445538,2,32,6,8192,14,0.0,13.854822,29.308295,12.401274,43.16312
"baseline",1445538,2,32,6,8192,13,0.0,13.849323,29.320404,12.787,43.169729
"baseline",1445538,2,32,6,8192,12,0.0,13.8462,29.332805,13.232654,43.179008
"baseline",1445538,2,32,6,8192,11,0.0,13.842309,29.345485,13.842271,43.187797
"baseline",1445538,2,32,6,8192,10,0.0,13.823155,29.358418,14.670213,43.181577
"baseline",1445538,2,32,6,8192,9,0.0,13.831245,29.371563,15.599247,43.202813
"baseline",1445538,2,32,6,8192,8,0.0,13.831887,29.384871,16.736871,43.216762
"baseline",1445538,2,32,6,8192,7,0.0,13.809133,29.398745,22.846642,43.207882
"baseline",1445538,2,32,6,8192,6,0.0,13.797091,29.412575,23.216125,43.209669
"baseline",1445538,2,32,6,8192,5,0.0,13.814142,29.426537,23.711579,43.240684
"baseline",1445538,2,32,6,8192,4,0.0,13.783675,29.440878,24.333615,43.224555
"baseline",1445538,2,32,6,8192,3,0.0,13.784763,29.455437,25.163423,43.240203
"baseline",1445538,2,32,6,8192,2,0.0,13.798393,29.470159,26.326663,43.268555
"baseline",1445538,2,32,6,8192,1,0.0,13.780747,29.485359,27.676298,43.266109
"baseline",1445538,2,32,6,8192,0,13.593295,0.244069,29.257204,29.008822,43.282975
"baseline",1445539,2,32,1,64,31,0.0,3.6e-5,0.000445,0.000355,0.000484
"baseline",1445539,2,32,1,64,30,0.0,3.8e-5,0.00307,0.002982,0.00311
"baseline",1445539,2,32,1,64,29,0.0,3.9e-5,0.006817,0.00672,0.006859
"baseline",1445539,2,32,1,64,28,0.0,3.7e-5,0.013293,0.013201,0.013335
"baseline",1445539,2,32,1,64,27,0.0,3.7e-5,0.020219,0.020133,0.020259
"baseline",1445539,2,32,1,64,26,0.0,0.008219,0.024009,0.02391,0.032231
"baseline",1445539,2,32,1,64,25,0.0,0.017902,0.024086,0.023992,0.041993
"baseline",1445539,2,32,1,64,24,0.0,0.024187,0.024164,0.024068,0.048355
"baseline",1445539,2,32,1,64,23,0.0,0.036856,0.024234,0.024151,0.061092
"baseline",1445539,2,32,1,64,22,0.0,0.047,0.024377,0.024282,0.071381
"baseline",1445539,2,32,1,64,21,0.0,0.054986,0.024441,0.024345,0.07943
"baseline",1445539,2,32,1,64,20,0.0,0.065136,0.024515,0.024421,0.089654
"baseline",1445539,2,32,1,64,19,0.0,0.07643,0.024586,0.024487,0.101018
"baseline",1445539,2,32,1,64,18,0.0,0.084813,0.024655,0.024554,0.109471
"baseline",1445539,2,32,1,64,17,0.0,0.099698,0.024726,0.024632,0.124428
"baseline",1445539,2,32,1,64,16,0.0,0.114872,0.02481,0.024713,0.139686
"baseline",1445539,2,32,1,64,15,0.0,4.9e-5,0.005631,0.005569,0.005683
"baseline",1445539,2,32,1,64,14,0.0,4.4e-5,0.001703,0.001645,0.001751
"baseline",1445539,2,32,1,64,13,0.0,0.000108,0.023527,0.023441,0.023639
"baseline",1445539,2,32,1,64,12,0.0,4.3e-5,0.019087,0.019,0.019133
"baseline",1445539,2,32,1,64,11,0.0,4.5e-5,0.01219,0.012097,0.012238
"baseline",1445539,2,32,1,64,10,0.0,4.6e-5,0.014108,0.01402,0.014157
"baseline",1445539,2,32,1,64,9,0.0,4.6e-5,0.003118,0.003038,0.003169
"baseline",1445539,2,32,1,64,8,0.0,8.4e-5,0.021378,0.021306,0.021464
"baseline",1445539,2,32,1,64,7,0.0,4.5e-5,0.016859,0.016772,0.016907
"baseline",1445539,2,32,1,64,6,0.0,4.3e-5,0.007902,0.007817,0.007948
"baseline",1445539,2,32,1,64,5,0.0,4.6e-5,0.005829,0.005729,0.005877
"baseline",1445539,2,32,1,64,4,0.0,4.4e-5,0.004507,0.004416,0.004552
"baseline",1445539,2,32,1,64,3,0.0,0.001682,0.025845,0.025786,0.027531
"baseline",1445539,2,32,1,64,2,0.0,4.4e-5,0.008992,0.008933,0.009039
"baseline",1445539,2,32,1,64,1,0.0,0.006894,0.025987,0.025925,0.032886
"baseline",1445539,2,32,1,64,0,0.00535,0.000272,0.025932,0.025868,0.031587
"baseline",1445539,2,32,2,512,31,0.0,0.035206,0.006313,0.004963,0.041521
"baseline",1445539,2,32,2,512,30,0.0,0.038296,0.006394,0.00502,0.044693
"baseline",1445539,2,32,2,512,29,0.0,0.042183,0.006475,0.005115,0.048662
"baseline",1445539,2,32,2,512,28,0.0,0.0498,0.00658,0.005245,0.056384
"baseline",1445539,2,32,2,512,27,0.0,0.057055,0.00667,0.005334,0.063727
"baseline",1445539,2,32,2,512,26,0.0,0.066844,0.00676,0.005415,0.073609
"baseline",1445539,2,32,2,512,25,0.0,0.073628,0.006848,0.005541,0.080481
"baseline",1445539,2,32,2,512,24,0.0,0.083196,0.006946,0.005665,0.090145
"baseline",1445539,2,32,2,512,23,0.0,0.096368,0.007042,0.005759,0.103412
"baseline",1445539,2,32,2,512,22,0.0,0.105576,0.007198,0.005933,0.112777
"baseline",1445539,2,32,2,512,21,0.0,0.116724,0.007276,0.006051,0.124003
"baseline",1445539,2,32,2,512,20,0.0,0.125514,0.007379,0.006146,0.132895
"baseline",1445539,2,32,2,512,19,0.0,0.137195,0.007462,0.006279,0.14466
"baseline",1445539,2,32,2,512,18,0.0,0.146125,0.007542,0.006395,0.153669
"baseline",1445539,2,32,2,512,17,0.0,0.15937,0.007628,0.006539,0.167001
"baseline",1445539,2,32,2,512,16,0.0,0.173055,0.007721,0.006657,0.18078
"baseline",1445539,2,32,2,512,15,0.0,0.035879,0.007861,0.006823,0.043742
"baseline",1445539,2,32,2,512,14,0.0,0.044627,0.008003,0.007012,0.052633
"baseline",1445539,2,32,2,512,13,0.0,0.063721,0.008147,0.007209,0.071872
"baseline",1445539,2,32,2,512,12,0.0,0.040664,0.008312,0.007429,0.048979
"baseline",1445539,2,32,2,512,11,0.0,0.034668,0.008455,0.007622,0.043126
"baseline",1445539,2,32,2,512,10,0.0,0.057729,0.008597,0.007824,0.06633
"baseline",1445539,2,32,2,512,9,0.0,0.048198,0.008742,0.008003,0.056943
"baseline",1445539,2,32,2,512,8,0.0,0.045629,0.0089,0.008221,0.054532
"baseline",1445539,2,32,2,512,7,0.0,0.054956,0.009081,0.008462,0.064039
"baseline",1445539,2,32,2,512,6,0.0,0.042178,0.009254,0.008702,0.051435
"baseline",1445539,2,32,2,512,5,0.0,0.038795,0.009386,0.008885,0.048184
"baseline",1445539,2,32,2,512,4,0.0,0.052146,0.009544,0.009117,0.061695
"baseline",1445539,2,32,2,512,3,0.0,0.050196,0.009682,0.009325,0.059882
"baseline",1445539,2,32,2,512,2,0.0,0.037096,0.009821,0.009531,0.046919
"baseline",1445539,2,32,2,512,1,0.0,0.035966,0.009963,0.00974,0.045931
"baseline",1445539,2,32,2,512,0,0.060303,0.001339,0.008909,0.008733,0.071533
"baseline",1445539,2,32,3,1024,31,0.0,0.209201,0.023196,0.012253,0.232399
"baseline",1445539,2,32,3,1024,30,0.0,0.211844,0.023545,0.012735,0.235392
"baseline",1445539,2,32,3,1024,29,0.0,0.215663,0.023911,0.013146,0.239578
"baseline",1445539,2,32,3,1024,28,0.0,0.219846,0.024302,0.013346,0.244152
"baseline",1445539,2,32,3,1024,27,0.0,0.225365,0.024683,0.013675,0.25005
"baseline",1445539,2,32,3,1024,26,0.0,0.233624,0.025072,0.014525,0.2587
"baseline",1445539,2,32,3,1024,25,0.0,0.243838,0.02547,0.014444,0.269311
"baseline",1445539,2,32,3,1024,24,0.0,0.254228,0.025914,0.015216,0.280145
"baseline",1445539,2,32,3,1024,23,0.0,0.264945,0.026354,0.015913,0.291301
"baseline",1445539,2,32,3,1024,22,0.0,0.272559,0.026806,0.016599,0.299368
"baseline",1445539,2,32,3,1024,21,0.0,0.280361,0.027237,0.017137,0.3076
"baseline",1445539,2,32,3,1024,20,0.0,0.28984,0.02769,0.017822,0.317532
"baseline",1445539,2,32,3,1024,19,0.0,0.298235,0.028103,0.01848,0.32634
"baseline",1445539,2,32,3,1024,18,0.0,0.310069,0.028517,0.018869,0.338588
"baseline",1445539,2,32,3,1024,17,0.0,0.322858,0.028939,0.019728,0.3518
"baseline",1445539,2,32,3,1024,16,0.0,0.337522,0.029404,0.020608,0.366931
"baseline",1445539,2,32,3,1024,15,0.0,0.229322,0.030003,0.021963,0.259329
"baseline",1445539,2,32,3,1024,14,0.0,0.227778,0.030295,0.022531,0.258077
"baseline",1445539,2,32,3,1024,13,0.0,0.206593,0.030588,0.023413,0.237183
"baseline",1445539,2,32,3,1024,12,0.0,0.216042,0.030921,0.02385,0.246966
"baseline",1445539,2,32,3,1024,11,0.0,0.20325,0.03122,0.023873,0.234473
"baseline",1445539,2,32,3,1024,10,0.0,0.205009,0.031516,0.025333,0.236528
"baseline",1445539,2,32,3,1024,9,0.0,0.231561,0.031836,0.025959,0.263401
"baseline",1445539,2,32,3,1024,8,0.0,0.2036,0.032159,0.026915,0.235762
"baseline",1445539,2,32,3,1024,7,0.0,0.217977,0.032472,0.027919,0.250451
"baseline",1445539,2,32,3,1024,6,0.0,0.210422,0.03277,0.02835,0.243195
"baseline",1445539,2,32,3,1024,5,0.0,0.206798,0.033052,0.029289,0.239853
"baseline",1445539,2,32,3,1024,4,0.0,0.219671,0.033346,0.030213,0.253019
"baseline",1445539,2,32,3,1024,3,0.0,0.207882,0.033639,0.031012,0.241524
"baseline",1445539,2,32,3,1024,2,0.0,0.222528,0.03393,0.031995,0.256461
"baseline",1445539,2,32,3,1024,1,0.0,0.233718,0.034254,0.032942,0.267975
"baseline",1445539,2,32,3,1024,0,0.210826,0.008221,0.026496,0.025794,0.248579
"baseline",1445539,2,32,4,2048,31,0.0,0.840064,0.177266,0.068168,1.017332
"baseline",1445539,2,32,4,2048,30,0.0,0.842847,0.178127,0.068839,1.020977
"baseline",1445539,2,32,4,2048,29,0.0,0.845984,0.178988,0.069318,1.024975
"baseline",1445539,2,32,4,2048,28,0.0,0.852727,0.179896,0.070403,1.032626
"baseline",1445539,2,32,4,2048,27,0.0,0.857746,0.180775,0.073595,1.038522
"baseline",1445539,2,32,4,2048,26,0.0,0.867975,0.18168,0.074947,1.049658
"baseline",1445539,2,32,4,2048,25,0.0,0.877798,0.182601,0.077537,1.060402
"baseline",1445539,2,32,4,2048,24,0.0,0.882765,0.183531,0.079935,1.0663
"baseline",1445539,2,32,4,2048,23,0.0,0.896392,0.184512,0.083251,1.080906
"baseline",1445539,2,32,4,2048,22,0.0,0.902388,0.18546,0.085193,1.08785
"baseline",1445539,2,32,4,2048,21,0.0,0.911216,0.186454,0.087829,1.097672
"baseline",1445539,2,32,4,2048,20,0.0,0.91874,0.187415,0.091281,1.106157
"baseline",1445539,2,32,4,2048,19,0.0,0.929336,0.188458,0.09431,1.117796
"baseline",1445539,2,32,4,2048,18,0.0,0.938478,0.189447,0.098781,1.127928
"baseline",1445539,2,32,4,2048,17,0.0,0.951199,0.190484,0.102767,1.141686
"baseline",1445539,2,32,4,2048,16,0.0,0.964299,0.191545,0.107809,1.155846
"baseline",1445539,2,32,4,2048,15,0.0,0.847476,0.192693,0.112303,1.040173
"baseline",1445539,2,32,4,2048,14,0.0,0.833056,0.19359,0.115841,1.026649
"baseline",1445539,2,32,4,2048,13,0.0,0.861004,0.194517,0.120859,1.055524
"baseline",1445539,2,32,4,2048,12,0.0,0.833326,0.19548,0.125246,1.028809
"baseline",1445539,2,32,4,2048,11,0.0,0.838327,0.196433,0.130227,1.034762
"baseline",1445539,2,32,4,2048,10,0.0,0.839829,0.197402,0.136255,1.037233
"baseline",1445539,2,32,4,2048,9,0.0,0.835135,0.198385,0.141844,1.033523
"baseline",1445539,2,32,4,2048,8,0.0,0.823114,0.199417,0.148027,1.022533
"baseline",1445539,2,32,4,2048,7,0.0,0.826348,0.200434,0.155141,1.026785
"baseline",1445539,2,32,4,2048,6,0.0,0.822938,0.201398,0.16121,1.024339
"baseline",1445539,2,32,4,2048,5,0.0,0.830592,0.202367,0.167652,1.032962
"baseline",1445539,2,32,4,2048,4,0.0,0.823635,0.203359,0.173939,1.026996
"baseline",1445539,2,32,4,2048,3,0.0,0.822056,0.204365,0.180887,1.026424
"baseline",1445539,2,32,4,2048,2,0.0,0.845357,0.205367,0.188164,1.050728
"baseline",1445539,2,32,4,2048,1,0.0,0.83634,0.206416,0.195537,1.042758
"baseline",1445539,2,32,4,2048,0,0.831958,0.022695,0.184993,0.180225,1.051852
"baseline",1445539,2,32,5,4096,31,0.0,3.824287,2.747035,0.318088,6.571325
"baseline",1445539,2,32,5,4096,30,0.0,3.825125,2.75033,0.310171,6.575457
"baseline",1445539,2,32,5,4096,29,0.0,3.82695,2.752209,0.689535,6.579163
"baseline",1445539,2,32,5,4096,28,0.0,3.830796,2.754763,0.31259,6.585562
"baseline",1445539,2,32,5,4096,27,0.0,3.836247,2.756922,0.326432,6.593171
"baseline",1445539,2,32,5,4096,26,0.0,3.843603,2.75907,0.350779,6.602675
"baseline",1445539,2,32,5,4096,25,0.0,3.847788,2.761271,0.424038,6.609061
"baseline",1445539,2,32,5,4096,24,0.0,3.860644,2.763581,0.808574,6.624229
"baseline",1445539,2,32,5,4096,23,0.0,3.868039,2.766385,0.842581,6.634425
"baseline",1445539,2,32,5,4096,22,0.0,3.879742,2.768614,0.898438,6.648359
"baseline",1445539,2,32,5,4096,21,0.0,3.886167,2.771507,0.862389,6.657678
"baseline",1445539,2,32,5,4096,20,0.0,3.89035,2.774046,0.87815,6.664397
"baseline",1445539,2,32,5,4096,19,0.0,3.90193,2.776674,0.944908,6.678606
"baseline",1445539,2,32,5,4096,18,0.0,3.909859,2.779932,0.988211,6.689794
"baseline",1445539,2,32,5,4096,17,0.0,3.920521,2.783147,1.01442,6.703672
"baseline",1445539,2,32,5,4096,16,0.0,3.931926,2.786613,0.995704,6.718543
"baseline",1445539,2,32,5,4096,15,0.0,3.821116,2.789293,0.971624,6.610413
"baseline",1445539,2,32,5,4096,14,0.0,3.795378,2.79169,1.026094,6.587072
"baseline",1445539,2,32,5,4096,13,0.0,3.78914,2.794436,0.997566,6.583578
"baseline",1445539,2,32,5,4096,12,0.0,3.793991,2.797281,1.056016,6.591277
"baseline",1445539,2,32,5,4096,11,0.0,3.788671,2.800169,1.103659,6.588843
"baseline",1445539,2,32,5,4096,10,0.0,3.800993,2.803083,1.122906,6.604079
"baseline",1445539,2,32,5,4096,9,0.0,3.79136,2.806026,1.217916,6.597388
"baseline",1445539,2,32,5,4096,8,0.0,3.795861,2.809026,1.346138,6.60489
"baseline",1445539,2,32,5,4096,7,0.0,3.790695,2.811544,2.234765,6.602242
"baseline",1445539,2,32,5,4096,6,0.0,3.799855,2.814177,2.279506,6.614036
"baseline",1445539,2,32,5,4096,5,0.0,3.810322,2.817253,2.328073,6.627579
"baseline",1445539,2,32,5,4096,4,0.0,3.78859,2.820484,2.388601,6.609077
"baseline",1445539,2,32,5,4096,3,0.0,3.798118,2.823807,2.433963,6.621928
"baseline",1445539,2,32,5,4096,2,0.0,3.777361,2.827145,2.502961,6.604509
"baseline",1445539,2,32,5,4096,1,0.0,3.798225,2.830496,2.631479,6.628725
"baseline",1445539,2,32,5,4096,0,3.746799,0.055225,2.77927,2.745905,6.628622
"baseline",1445539,2,32,6,8192,31,0.0,14.007069,29.103988,1.32729,43.111059
"baseline",1445539,2,32,6,8192,15,0.0,13.883712,29.28094,12.211598,43.164657
"baseline",1445539,2,32,6,8192,30,0.0,14.001351,29.114036,1.188921,43.11539
"baseline",1445539,2,32,6,8192,29,0.0,13.997541,29.123104,1.356729,43.120646
"baseline",1445539,2,32,6,8192,28,0.0,13.996122,29.132272,1.20391,43.128397
"baseline",1445539,2,32,6,8192,27,0.0,13.99374,29.141833,1.378244,43.135577
"baseline",1445539,2,32,6,8192,26,0.0,13.991563,29.153047,1.575122,43.144615
"baseline",1445539,2,32,6,8192,25,0.0,13.991879,29.163163,1.824924,43.155045
"baseline",1445539,2,32,6,8192,24,0.0,13.995452,29.173452,2.143307,43.168909
"baseline",1445539,2,32,6,8192,23,0.0,13.998134,29.183654,4.787734,43.181791
"baseline",1445539,2,32,6,8192,22,0.0,13.99434,29.19614,4.897682,43.190483
"baseline",1445539,2,32,6,8192,21,0.0,13.998721,29.207329,5.358101,43.206053
"baseline",1445539,2,32,6,8192,20,0.0,13.998047,29.218709,5.292758,43.216759
"baseline",1445539,2,32,6,8192,19,0.0,14.006907,29.230462,5.721648,43.237372
"baseline",1445539,2,32,6,8192,18,0.0,14.00409,29.243822,6.158321,43.247914
"baseline",1445539,2,32,6,8192,17,0.0,14.011807,29.255941,6.631732,43.267752
"baseline",1445539,2,32,6,8192,16,0.0,14.01731,29.268243,7.452292,43.285558
"baseline",1445539,2,32,6,8192,14,0.0,13.895897,29.292965,12.386649,43.188865
"baseline",1445539,2,32,6,8192,13,0.0,13.864196,29.305105,12.756074,43.169304
"baseline",1445539,2,32,6,8192,12,0.0,13.854102,29.317512,13.196105,43.171618
"baseline",1445539,2,32,6,8192,11,0.0,13.854155,29.330212,13.814308,43.18437
"baseline",1445539,2,32,6,8192,10,0.0,13.839177,29.343168,14.606299,43.182348
"baseline",1445539,2,32,6,8192,9,0.0,13.857349,29.356366,15.536407,43.213718
"baseline",1445539,2,32,6,8192,8,0.0,13.822438,29.369691,16.626817,43.192132
"baseline",1445539,2,32,6,8192,7,0.0,13.820785,29.383632,22.780982,43.20442
"baseline",1445539,2,32,6,8192,6,0.0,13.808931,29.397347,23.129684,43.206282
"baseline",1445539,2,32,6,8192,5,0.0,13.824287,29.411267,23.643489,43.235557
"baseline",1445539,2,32,6,8192,4,0.0,13.809971,29.425629,24.283304,43.235604
"baseline",1445539,2,32,6,8192,3,0.0,13.797354,29.440182,25.105168,43.23754
"baseline",1445539,2,32,6,8192,2,0.0,13.801723,29.455024,26.302951,43.25675
"baseline",1445539,2,32,6,8192,1,0.0,13.792884,29.470067,27.658017,43.262954
"baseline",1445539,2,32,6,8192,0,13.611813,0.245179,29.240765,28.979395,43.285557
"baseline",1470086,2,32,1,64,31,0.0,3.9e-5,0.000601,0.000488,0.000642
"baseline",1470086,2,32,1,64,30,0.0,3.7e-5,0.003247,0.003122,0.003288
"baseline",1470086,2,32,1,64,29,0.0,0.003431,0.004829,0.004714,0.008265
"baseline",1470086,2,32,1,64,28,0.0,0.010103,0.004911,0.004796,0.015018
"baseline",1470086,2,32,1,64,27,0.0,0.018636,0.004984,0.00488,0.023626
"baseline",1470086,2,32,1,64,26,0.0,0.027185,0.005059,0.004942,0.032249
"baseline",1470086,2,32,1,64,25,0.0,0.034718,0.005128,0.005008,0.039855
"baseline",1470086,2,32,1,64,24,0.0,0.044078,0.005203,0.005092,0.04929
"baseline",1470086,2,32,1,64,23,0.0,0.059076,0.005273,0.00516,0.064353
"baseline",1470086,2,32,1,64,22,0.0,0.066372,0.005407,0.005289,0.071785
"baseline",1470086,2,32,1,64,21,0.0,0.077032,0.005474,0.005342,0.082511
"baseline",1470086,2,32,1,64,20,0.0,0.087458,0.005546,0.005422,0.093009
"baseline",1470086,2,32,1,64,19,0.0,0.097363,0.005618,0.005505,0.102987
"baseline",1470086,2,32,1,64,18,0.0,0.109363,0.005687,0.005572,0.115054
"baseline",1470086,2,32,1,64,17,0.0,0.121755,0.005752,0.00564,0.127512
"baseline",1470086,2,32,1,64,16,0.0,0.135506,0.005842,0.00573,0.141353
"baseline",1470086,2,32,1,64,15,0.0,0.003876,0.00591,0.005799,0.009792
"baseline",1470086,2,32,1,64,14,0.0,0.00227,0.005977,0.005845,0.008251
"baseline",1470086,2,32,1,64,13,0.0,0.013954,0.006044,0.005933,0.020003
"baseline",1470086,2,32,1,64,12,0.0,0.022271,0.006131,0.006007,0.028406
"baseline",1470086,2,32,1,64,11,0.0,0.007695,0.006191,0.006074,0.013892
"baseline",1470086,2,32,1,64,10,0.0,0.009516,0.006267,0.006135,0.015786
"baseline",1470086,2,32,1,64,9,0.0,0.000672,0.006331,0.006203,0.007007
"baseline",1470086,2,32,1,64,8,0.0,0.011763,0.006406,0.006286,0.018171
"baseline",1470086,2,32,1,64,7,0.0,4.3e-5,0.002354,0.002297,0.002398
"baseline",1470086,2,32,1,64,6,0.0,4.2e-5,0.003545,0.003497,0.003589
"baseline",1470086,2,32,1,64,5,0.0,0.017076,0.006672,0.006587,0.023749
"baseline",1470086,2,32,1,64,4,0.0,4.2e-5,0.005954,0.005867,0.006
"baseline",1470086,2,32,1,64,3,0.0,0.025035,0.006808,0.006736,0.031846
"baseline",1470086,2,32,1,64,1,0.0,0.019526,0.006945,0.006874,0.026473
"baseline",1470086,2,32,1,64,2,0.0,4.3e-5,0.004793,0.004708,0.004839
"baseline",1470086,2,32,1,64,0,0.004089,0.000132,0.00697,0.006913,0.011215
"baseline",1470086,2,32,2,512,31,0.0,0.041532,0.006363,0.005001,0.047899
"baseline",1470086,2,32,2,512,30,0.0,0.043889,0.00645,0.005095,0.050342
"baseline",1470086,2,32,2,512,29,0.0,0.047555,0.006532,0.005172,0.05409
"baseline",1470086,2,32,2,512,28,0.0,0.05387,0.006633,0.005294,0.060507
"baseline",1470086,2,32,2,512,27,0.0,0.056217,0.006722,0.005374,0.062943
"baseline",1470086,2,32,2,512,26,0.0,0.063541,0.006813,0.005498,0.070357
"baseline",1470086,2,32,2,512,25,0.0,0.075532,0.006897,0.005586,0.082432
"baseline",1470086,2,32,2,512,24,0.0,0.077698,0.006999,0.005701,0.084701
"baseline",1470086,2,32,2,512,23,0.0,0.095204,0.007091,0.005831,0.102299
"baseline",1470086,2,32,2,512,22,0.0,0.10315,0.007246,0.006007,0.110399
"baseline",1470086,2,32,2,512,21,0.0,0.113941,0.007332,0.006115,0.121277
"baseline",1470086,2,32,2,512,20,0.0,0.124418,0.007423,0.0062,0.131843
"baseline",1470086,2,32,2,512,19,0.0,0.138046,0.00751,0.006341,0.145558
"baseline",1470086,2,32,2,512,18,0.0,0.147638,0.007583,0.006459,0.155225
"baseline",1470086,2,32,2,512,17,0.0,0.158744,0.007676,0.006581,0.166423
"baseline",1470086,2,32,2,512,16,0.0,0.175356,0.007775,0.00671,0.183135
"baseline",1470086,2,32,2,512,15,0.0,0.04519,0.007903,0.006895,0.053096
"baseline",1470086,2,32,2,512,14,0.0,0.061662,0.008044,0.00706,0.069709
"baseline",1470086,2,32,2,512,13,0.0,0.053349,0.008184,0.00724,0.061537
"baseline",1470086,2,32,2,512,12,0.0,0.042025,0.00835,0.007478,0.050377
"baseline",1470086,2,32,2,512,11,0.0,0.074642,0.008515,0.007681,0.083161
"baseline",1470086,2,32,2,512,10,0.0,0.071035,0.008658,0.007887,0.079697
"baseline",1470086,2,32,2,512,9,0.0,0.042816,0.008807,0.008081,0.051625
"baseline",1470086,2,32,2,512,8,0.0,0.044284,0.008965,0.008294,0.053252
"baseline",1470086,2,32,2,512,7,0.0,0.049205,0.009121,0.008518,0.058328
"baseline",1470086,2,32,2,512,6,0.0,0.06726,0.00932,0.008763,0.076585
"baseline",1470086,2,32,2,512,5,0.0,0.058362,0.009452,0.008961,0.067817
"baseline",1470086,2,32,2,512,4,0.0,0.047105,0.009594,0.00917,0.056701
"baseline",1470086,2,32,2,512,3,0.0,0.040517,0.00973,0.009369,0.05025
"baseline",1470086,2,32,2,512,2,0.0,0.063815,0.009865,0.009568,0.073682
"baseline",1470086,2,32,2,512,1,0.0,0.050736,0.009997,0.009785,0.060736
"baseline",1470086,2,32,2,512,0,0.056557,0.001339,0.008945,0.008764,0.067848
"baseline",1470086,2,32,3,1024,31,0.0,0.21974,0.023206,0.01226,0.242948
"baseline",1470086,2,32,3,1024,30,0.0,0.221544,0.023554,0.012284,0.2451
"baseline",1470086,2,32,3,1024,29,0.0,0.227088,0.023907,0.013027,0.250999
"baseline",1470086,2,32,3,1024,28,0.0,0.23276,0.024298,0.013594,0.257062
"baseline",1470086,2,32,3,1024,27,0.0,0.240135,0.024676,0.013931,0.264815
"baseline",1470086,2,32,3,1024,26,0.0,0.246752,0.025054,0.0141,0.271811
"baseline",1470086,2,32,3,1024,25,0.0,0.256373,0.025428,0.01503,0.281805
"baseline",1470086,2,32,3,1024,24,0.0,0.261652,0.025874,0.01548,0.28753
"baseline",1470086,2,32,3,1024,23,0.0,0.277847,0.02633,0.014848,0.30418
"baseline",1470086,2,32,3,1024,22,0.0,0.283063,0.026809,0.016933,0.309875
"baseline",1470086,2,32,3,1024,21,0.0,0.297897,0.027247,0.017389,0.325147
"baseline",1470086,2,32,3,1024,20,0.0,0.306319,0.027689,0.018101,0.334011
"baseline",1470086,2,32,3,1024,19,0.0,0.315905,0.028142,0.018122,0.34405
"baseline",1470086,2,32,3,1024,18,0.0,0.323505,0.028544,0.018837,0.352051
"baseline",1470086,2,32,3,1024,17,0.0,0.340149,0.02892,0.019703,0.369071
"baseline",1470086,2,32,3,1024,16,0.0,0.353248,0.02933,0.019729,0.382581
"baseline",1470086,2,32,3,1024,15,0.0,0.217942,0.029881,0.022003,0.247826
"baseline",1470086,2,32,3,1024,14,0.0,0.220744,0.030189,0.022498,0.250935
"baseline",1470086,2,32,3,1024,13,0.0,0.238847,0.030486,0.022534,0.269337
"baseline",1470086,2,32,3,1024,12,0.0,0.241224,0.03082,0.023921,0.272048
"baseline",1470086,2,32,3,1024,11,0.0,0.221705,0.031118,0.024363,0.252825
"baseline",1470086,2,32,3,1024,10,0.0,0.244053,0.031434,0.025366,0.27549
"baseline",1470086,2,32,3,1024,9,0.0,0.223705,0.031733,0.025671,0.255441
"baseline",1470086,2,32,3,1024,8,0.0,0.218068,0.032062,0.026792,0.250133
"baseline",1470086,2,32,3,1024,7,0.0,0.235208,0.032377,0.027431,0.267588
"baseline",1470086,2,32,3,1024,6,0.0,0.226927,0.032685,0.028116,0.259615
"baseline",1470086,2,32,3,1024,5,0.0,0.23013,0.032981,0.029044,0.263114
"baseline",1470086,2,32,3,1024,4,0.0,0.231899,0.033283,0.030045,0.265185
"baseline",1470086,2,32,3,1024,3,0.0,0.213372,0.033578,0.03082,0.246951
"baseline",1470086,2,32,3,1024,2,0.0,0.214181,0.03387,0.031956,0.248054
"baseline",1470086,2,32,3,1024,1,0.0,0.221752,0.034185,0.032902,0.255941
"baseline",1470086,2,32,3,1024,0,0.210914,0.008121,0.026524,0.02581,0.248602
"baseline",1470086,2,32,4,2048,31,0.0,1.223946,0.177213,0.068869,1.40116
"baseline",1470086,2,32,4,2048,30,0.0,1.226848,0.178124,0.068197,1.404975
"baseline",1470086,2,32,4,2048,29,0.0,1.231002,0.17898,0.070583,1.409984
"baseline",1470086,2,32,4,2048,28,0.0,1.241749,0.179871,0.071379,1.421623
"baseline",1470086,2,32,4,2048,27,0.0,1.250425,0.180787,0.073301,1.431215
"baseline",1470086,2,32,4,2048,26,0.0,1.256873,0.181685,0.075396,1.43856
"baseline",1470086,2,32,4,2048,25,0.0,1.26431,0.182628,0.077331,1.446941
"baseline",1470086,2,32,4,2048,24,0.0,1.268819,0.183563,0.079872,1.452386
"baseline",1470086,2,32,4,2048,23,0.0,1.284215,0.184535,0.082624,1.468754
"baseline",1470086,2,32,4,2048,22,0.0,1.293198,0.185513,0.084724,1.478714
"baseline",1470086,2,32,4,2048,21,0.0,1.302285,0.18651,0.088434,1.488798
"baseline",1470086,2,32,4,2048,20,0.0,1.309196,0.187513,0.090606,1.496711
"baseline",1470086,2,32,4,2048,19,0.0,1.318885,0.188535,0.094201,1.507424
"baseline",1470086,2,32,4,2048,18,0.0,1.32816,0.189534,0.098934,1.517697
"baseline",1470086,2,32,4,2048,17,0.0,1.341805,0.190555,0.102977,1.532361
"baseline",1470086,2,32,4,2048,16,0.0,1.356688,0.191623,0.107668,1.548315
"baseline",1470086,2,32,4,2048,15,0.0,1.213223,0.192786,0.1126,1.406012
"baseline",1470086,2,32,4,2048,14,0.0,1.234084,0.193757,0.116155,1.427843
"baseline",1470086,2,32,4,2048,13,0.0,1.230913,0.194672,0.121275,1.425589
"baseline",1470086,2,32,4,2048,12,0.0,1.218149,0.195613,0.125845,1.413764
"baseline",1470086,2,32,4,2048,11,0.0,1.213065,0.196583,0.130579,1.409649
"baseline",1470086,2,32,4,2048,10,0.0,1.219043,0.197547,0.136518,1.416593
"baseline",1470086,2,32,4,2048,9,0.0,1.233289,0.198529,0.141708,1.431821
"baseline",1470086,2,32,4,2048,8,0.0,1.207758,0.19957,0.148188,1.40733
"baseline",1470086,2,32,4,2048,7,0.0,1.219173,0.200572,0.155515,1.419747
"baseline",1470086,2,32,4,2048,6,0.0,1.234191,0.201496,0.161122,1.435691
"baseline",1470086,2,32,4,2048,5,0.0,1.210733,0.202437,0.167669,1.413173
"baseline",1470086,2,32,4,2048,4,0.0,1.207206,0.203422,0.174049,1.410631
"baseline",1470086,2,32,4,2048,3,0.0,1.203732,0.204452,0.180921,1.408187
"baseline",1470086,2,32,4,2048,2,0.0,1.231472,0.205479,0.18827,1.436954
"baseline",1470086,2,32,4,2048,1,0.0,1.236187,0.206563,0.195593,1.442755
"baseline",1470086,2,32,4,2048,0,1.199546,0.022859,0.18498,0.18022,1.419531
"baseline",1470086,2,32,5,4096,31,0.0,4.921544,2.919729,0.700003,7.841276
"baseline",1470086,2,32,5,4096,30,0.0,4.921349,2.923564,0.446058,7.844915
"baseline",1470086,2,32,5,4096,29,0.0,4.922549,2.9255,0.452995,7.848052
"baseline",1470086,2,32,5,4096,28,0.0,4.925709,2.927551,0.447565,7.853263
"baseline",1470086,2,32,5,4096,27,0.0,4.930208,2.929659,0.86048,7.85987
"baseline",1470086,2,32,5,4096,26,0.0,4.932393,2.932381,0.500143,7.864776
"baseline",1470086,2,32,5,4096,25,0.0,4.943406,2.934577,0.47178,7.877985
"baseline",1470086,2,32,5,4096,24,0.0,4.952284,2.936883,0.559967,7.889171
"baseline",1470086,2,32,5,4096,23,0.0,4.962173,2.939092,0.506593,7.901268
"baseline",1470086,2,32,5,4096,22,0.0,4.972398,2.941365,0.506512,7.913766
"baseline",1470086,2,32,5,4096,21,0.0,4.981681,2.943786,0.573297,7.925469
"baseline",1470086,2,32,5,4096,20,0.0,4.99007,2.946379,0.536458,7.936451
"baseline",1470086,2,32,5,4096,19,0.0,4.99895,2.948874,0.953067,7.947826
"baseline",1470086,2,32,5,4096,18,0.0,5.008642,2.952179,0.610394,7.960824
"baseline",1470086,2,32,5,4096,17,0.0,5.016852,2.954922,0.650443,7.971775
"baseline",1470086,2,32,5,4096,16,0.0,5.027888,2.957781,0.675494,7.985673
"baseline",1470086,2,32,5,4096,15,0.0,4.907416,2.960471,1.173249,7.867891
"baseline",1470086,2,32,5,4096,14,0.0,4.914104,2.962827,1.159615,7.876935
"baseline",1470086,2,32,5,4096,13,0.0,4.888124,2.965568,1.201316,7.853695
"baseline",1470086,2,32,5,4096,12,0.0,4.888627,2.968421,1.234248,7.857051
"baseline",1470086,2,32,5,4096,11,0.0,4.907139,2.971301,1.279011,7.878444
"baseline",1470086,2,32,5,4096,10,0.0,4.893648,2.974205,1.315233,7.867857
"baseline",1470086,2,32,5,4096,9,0.0,4.888418,2.977171,1.412061,7.865594
"baseline",1470086,2,32,5,4096,8,0.0,4.887349,2.980136,1.548567,7.867489
"baseline",1470086,2,32,5,4096,7,0.0,4.88074,2.982591,2.410396,7.863334
"baseline",1470086,2,32,5,4096,6,0.0,4.897319,2.985243,2.453515,7.882565
"baseline",1470086,2,32,5,4096,5,0.0,4.891261,2.988291,2.503929,7.879555
"baseline",1470086,2,32,5,4096,4,0.0,4.878711,2.99153,2.56707,7.870243
"baseline",1470086,2,32,5,4096,3,0.0,4.886263,2.99488,2.60755,7.881146
"baseline",1470086,2,32,5,4096,2,0.0,4.877582,2.998269,2.678941,7.875854
"baseline",1470086,2,32,5,4096,1,0.0,4.904986,3.001594,2.803103,7.906585
"baseline",1470086,2,32,5,4096,0,4.856463,0.053396,2.952203,2.918861,7.90923
"baseline",1470086,2,32,6,8192,31,0.0,17.713109,29.092532,1.230759,46.805643
"baseline",1470086,2,32,6,8192,15,0.0,17.578635,29.270955,12.21765,46.849594
"baseline",1470086,2,32,6,8192,30,0.0,17.70613,29.102767,1.174332,46.808901
"baseline",1470086,2,32,6,8192,14,0.0,17.599629,29.282978,12.423986,46.882612
"baseline",1470086,2,32,6,8192,29,0.0,17.702964,29.111781,1.205712,46.814747
"baseline",1470086,2,32,6,8192,13,0.0,17.58902,29.295201,12.743245,46.884226
"baseline",1470086,2,32,6,8192,28,0.0,17.700717,29.121149,1.495017,46.821868
"baseline",1470086,2,32,6,8192,12,0.0,17.556756,29.307708,13.207891,46.864469
"baseline",1470086,2,32,6,8192,27,0.0,17.698886,29.130751,1.386876,46.82964
"baseline",1470086,2,32,6,8192,11,0.0,17.556733,29.320522,13.832274,46.877262
"baseline",1470086,2,32,6,8192,26,0.0,17.696797,29.141979,1.654121,46.838779
"baseline",1470086,2,32,6,8192,10,0.0,17.565552,29.33354,14.627773,46.899097
"baseline",1470086,2,32,6,8192,25,0.0,17.703335,29.151957,1.84468,46.855296
"baseline",1470086,2,32,6,8192,9,0.0,17.534821,29.348367,15.591077,46.883194
"baseline",1470086,2,32,6,8192,24,0.0,17.702995,29.162235,2.117801,46.865233
"baseline",1470086,2,32,6,8192,8,0.0,17.531323,29.361776,16.702236,46.893103
"baseline",1470086,2,32,6,8192,23,0.0,17.704435,29.173198,4.737789,46.877635
"baseline",1470086,2,32,6,8192,7,0.0,17.535322,29.376056,22.789091,46.911382
"baseline",1470086,2,32,6,8192,22,0.0,17.702836,29.18549,4.980843,46.888329
"baseline",1470086,2,32,6,8192,6,0.0,17.527669,29.389862,23.128116,46.917537
"baseline",1470086,2,32,6,8192,21,0.0,17.711344,29.196579,4.972317,46.907927
"baseline",1470086,2,32,6,8192,5,0.0,17.51263,29.403817,23.64136,46.916449
"baseline",1470086,2,32,6,8192,20,0.0,17.711282,29.208078,5.192125,46.919363
"baseline",1470086,2,32,6,8192,4,0.0,17.522219,29.418209,24.303604,46.940435
"baseline",1470086,2,32,6,8192,19,0.0,17.710982,29.219865,5.609295,46.930849
"baseline",1470086,2,32,6,8192,3,0.0,17.513272,29.432819,25.107236,46.946095
"baseline",1470086,2,32,6,8192,18,0.0,17.713714,29.233133,6.028025,46.946849
"baseline",1470086,2,32,6,8192,2,0.0,17.499468,29.447716,26.28296,46.947189
"baseline",1470086,2,32,6,8192,17,0.0,17.720317,29.245384,6.618363,46.965704
"baseline",1470086,2,32,6,8192,1,0.0,17.491231,29.462794,27.647044,46.954029
"baseline",1470086,2,32,6,8192,16,0.0,17.722458,29.257849,7.296026,46.980311
"baseline",1470086,2,32,6,8192,0,17.593201,0.24608,29.232735,28.983908,47.261014
"baseline",1470087,2,32,1,64,31,0.0,0.32227,0.000877,0.000757,0.32315
"baseline",1470087,2,32,1,64,30,0.0,0.324075,0.000954,0.00083,0.325034
"baseline",1470087,2,32,1,64,29,0.0,0.327848,0.001021,0.000903,0.328873
"baseline",1470087,2,32,1,64,28,0.0,0.330373,0.001092,0.000967,0.331473
"baseline",1470087,2,32,1,64,27,0.0,0.33899,0.001169,0.001044,0.340163
"baseline",1470087,2,32,1,64,26,0.0,0.348589,0.001239,0.001112,0.349834
"baseline",1470087,2,32,1,64,25,0.0,0.356124,0.001311,0.001172,0.357442
"baseline",1470087,2,32,1,64,24,0.0,0.367386,0.001393,0.001256,0.368785
"baseline",1470087,2,32,1,64,23,0.0,0.382811,0.001459,0.00134,0.384274
"baseline",1470087,2,32,1,64,22,0.0,0.389349,0.001602,0.001481,0.390955
"baseline",1470087,2,32,1,64,21,0.0,0.398173,0.001663,0.001528,0.399842
"baseline",1470087,2,32,1,64,20,0.0,0.40779,0.001736,0.00162,0.409531
"baseline",1470087,2,32,1,64,19,0.0,0.421992,0.001809,0.001675,0.423805
"baseline",1470087,2,32,1,64,18,0.0,0.429387,0.001876,0.001754,0.431268
"baseline",1470087,2,32,1,64,17,0.0,0.447505,0.001944,0.001825,0.449452
"baseline",1470087,2,32,1,64,16,0.0,0.457963,0.002027,0.0019,0.459993
"baseline",1470087,2,32,1,64,15,0.0,0.327566,0.002087,0.001954,0.329656
"baseline",1470087,2,32,1,64,14,0.0,0.324468,0.002153,0.002007,0.326626
"baseline",1470087,2,32,1,64,13,0.0,0.347371,0.002219,0.002093,0.349595
"baseline",1470087,2,32,1,64,12,0.0,0.329251,0.002296,0.002129,0.331554
"baseline",1470087,2,32,1,64,11,0.0,0.331435,0.00236,0.002217,0.333801
"baseline",1470087,2,32,1,64,10,0.0,0.323166,0.002433,0.002275,0.325606
"baseline",1470087,2,32,1,64,9,0.0,0.340834,0.002501,0.002358,0.343338
"baseline",1470087,2,32,1,64,8,0.0,0.336231,0.00257,0.002423,0.338806
"baseline",1470087,2,32,1,64,7,0.0,0.326006,0.002634,0.002485,0.328646
"baseline",1470087,2,32,1,64,6,0.0,0.341508,0.00278,0.002617,0.344294
"baseline",1470087,2,32,1,64,5,0.0,0.33372,0.002842,0.002672,0.336571
"baseline",1470087,2,32,1,64,4,0.0,0.338484,0.00291,0.002732,0.341402
"baseline",1470087,2,32,1,64,3,0.0,0.322245,0.002983,0.002811,0.325232
"baseline",1470087,2,32,1,64,2,0.0,0.35064,0.003047,0.002887,0.353692
"baseline",1470087,2,32,1,64,1,0.0,0.359921,0.003106,0.00296,0.363032
"baseline",1470087,2,32,1,64,0,0.355481,0.000121,0.003161,0.003029,0.358783
"baseline",1470087,2,32,2,512,31,0.0,0.036104,0.006414,0.005053,0.042521
"baseline",1470087,2,32,2,512,30,0.0,0.039574,0.006492,0.005113,0.046069
"baseline",1470087,2,32,2,512,29,0.0,0.042994,0.006573,0.005217,0.049571
"baseline",1470087,2,32,2,512,28,0.0,0.052463,0.006679,0.00533,0.059146
"baseline",1470087,2,32,2,512,27,0.0,0.056908,0.00677,0.005434,0.06368
"baseline",1470087,2,32,2,512,26,0.0,0.066861,0.006856,0.00552,0.07372
"baseline",1470087,2,32,2,512,25,0.0,0.072668,0.006942,0.005641,0.079612
"baseline",1470087,2,32,2,512,24,0.0,0.083191,0.007044,0.005768,0.090239
"baseline",1470087,2,32,2,512,23,0.0,0.097795,0.007136,0.00587,0.104933
"baseline",1470087,2,32,2,512,22,0.0,0.10621,0.007293,0.006043,0.113506
"baseline",1470087,2,32,2,512,21,0.0,0.112922,0.007369,0.006148,0.120294
"baseline",1470087,2,32,2,512,20,0.0,0.124605,0.007464,0.006248,0.132071
"baseline",1470087,2,32,2,512,19,0.0,0.130265,0.007546,0.006358,0.137813
"baseline",1470087,2,32,2,512,18,0.0,0.144649,0.007632,0.0065,0.152285
"baseline",1470087,2,32,2,512,17,0.0,0.152707,0.007722,0.006616,0.160431
"baseline",1470087,2,32,2,512,16,0.0,0.168812,0.007818,0.006713,0.176635
"baseline",1470087,2,32,2,512,15,0.0,0.03782,0.007954,0.006934,0.045777
"baseline",1470087,2,32,2,512,14,0.0,0.055135,0.008093,0.007122,0.063231
"baseline",1470087,2,32,2,512,13,0.0,0.04907,0.008238,0.007298,0.057311
"baseline",1470087,2,32,2,512,12,0.0,0.047103,0.008402,0.007522,0.055509
"baseline",1470087,2,32,2,512,11,0.0,0.052363,0.008545,0.007713,0.060912
"baseline",1470087,2,32,2,512,10,0.0,0.043311,0.008689,0.007902,0.052002
"baseline",1470087,2,32,2,512,9,0.0,0.063514,0.00883,0.008106,0.072348
"baseline",1470087,2,32,2,512,8,0.0,0.050348,0.009005,0.008333,0.059356
"baseline",1470087,2,32,2,512,7,0.0,0.039848,0.009162,0.008543,0.049014
"baseline",1470087,2,32,2,512,6,0.0,0.041316,0.009359,0.008805,0.050677
"baseline",1470087,2,32,2,512,5,0.0,0.035184,0.00949,0.008998,0.044677
"baseline",1470087,2,32,2,512,4,0.0,0.044671,0.009655,0.009203,0.054328
"baseline",1470087,2,32,2,512,3,0.0,0.038099,0.009796,0.009443,0.047897
"baseline",1470087,2,32,2,512,2,0.0,0.035983,0.009932,0.009639,0.045918
"baseline",1470087,2,32,2,512,1,0.0,0.057166,0.010065,0.009848,0.067233
"baseline",1470087,2,32,2,512,0,0.060446,0.001344,0.009006,0.008837,0.071779
"baseline",1470087,2,32,3,1024,31,0.0,0.198436,0.0233,0.012051,0.221739
"baseline",1470087,2,32,3,1024,30,0.0,0.199867,0.023651,0.012945,0.223521
"baseline",1470087,2,32,3,1024,29,0.0,0.20471,0.024011,0.012748,0.228724
"baseline",1470087,2,32,3,1024,28,0.0,0.211889,0.024406,0.013345,0.236298
"baseline",1470087,2,32,3,1024,27,0.0,0.220483,0.024769,0.013937,0.245255
"baseline",1470087,2,32,3,1024,26,0.0,0.229728,0.025164,0.014747,0.254895
"baseline",1470087,2,32,3,1024,25,0.0,0.236936,0.025548,0.014805,0.262486
"baseline",1470087,2,32,3,1024,24,0.0,0.245861,0.025966,0.015628,0.27183
"baseline",1470087,2,32,3,1024,23,0.0,0.256553,0.026404,0.015615,0.28296
"baseline",1470087,2,32,3,1024,22,0.0,0.265096,0.026927,0.016767,0.292026
"baseline",1470087,2,32,3,1024,21,0.0,0.277187,0.027344,0.017558,0.304534
"baseline",1470087,2,32,3,1024,20,0.0,0.286777,0.027799,0.017411,0.314578
"baseline",1470087,2,32,3,1024,19,0.0,0.295676,0.028232,0.018331,0.32391
"baseline",1470087,2,32,3,1024,18,0.0,0.306657,0.028683,0.019115,0.335343
"baseline",1470087,2,32,3,1024,17,0.0,0.316227,0.029103,0.01985,0.345331
"baseline",1470087,2,32,3,1024,16,0.0,0.329711,0.029505,0.020543,0.359221
"baseline",1470087,2,32,3,1024,15,0.0,0.198692,0.030038,0.02148,0.228733
"baseline",1470087,2,32,3,1024,14,0.0,0.21108,0.030326,0.022675,0.241409
"baseline",1470087,2,32,3,1024,13,0.0,0.195995,0.030623,0.022851,0.226621
"baseline",1470087,2,32,3,1024,12,0.0,0.215272,0.030976,0.023503,0.246251
"baseline",1470087,2,32,3,1024,11,0.0,0.220167,0.031276,0.024745,0.251445
"baseline",1470087,2,32,3,1024,10,0.0,0.222268,0.031583,0.025526,0.253856
"baseline",1470087,2,32,3,1024,9,0.0,0.193165,0.031885,0.025908,0.225052
"baseline",1470087,2,32,3,1024,8,0.0,0.205169,0.032207,0.026717,0.237378
"baseline",1470087,2,32,3,1024,7,0.0,0.191846,0.032521,0.027636,0.22437
"baseline",1470087,2,32,3,1024,6,0.0,0.198604,0.032829,0.028497,0.231435
"baseline",1470087,2,32,3,1024,5,0.0,0.202388,0.033116,0.029384,0.235507
"baseline",1470087,2,32,3,1024,4,0.0,0.207753,0.033415,0.030195,0.24117
"baseline",1470087,2,32,3,1024,3,0.0,0.193526,0.033709,0.031148,0.227237
"baseline",1470087,2,32,3,1024,2,0.0,0.206455,0.033997,0.032107,0.240455
"baseline",1470087,2,32,3,1024,1,0.0,0.199824,0.034305,0.033014,0.234131
"baseline",1470087,2,32,3,1024,0,0.215173,0.008118,0.026653,0.02594,0.252982
"baseline",1470087,2,32,4,2048,31,0.0,0.85031,0.177197,0.067993,1.02751
"baseline",1470087,2,32,4,2048,30,0.0,0.852561,0.178071,0.068333,1.030635
"baseline",1470087,2,32,4,2048,29,0.0,0.856633,0.178952,0.069021,1.035587
"baseline",1470087,2,32,4,2048,28,0.0,0.862251,0.179857,0.071056,1.042111
"baseline",1470087,2,32,4,2048,27,0.0,0.867264,0.180763,0.072304,1.048028
"baseline",1470087,2,32,4,2048,26,0.0,0.877144,0.181684,0.074975,1.058831
"baseline",1470087,2,32,4,2048,25,0.0,0.883453,0.182604,0.077818,1.066059
"baseline",1470087,2,32,4,2048,24,0.0,0.892845,0.183569,0.080844,1.076417
"baseline",1470087,2,32,4,2048,23,0.0,0.900669,0.1846,0.084531,1.085271
"baseline",1470087,2,32,4,2048,22,0.0,0.911098,0.18554,0.085575,1.096641
"baseline",1470087,2,32,4,2048,21,0.0,0.922026,0.186525,0.088082,1.108553
"baseline",1470087,2,32,4,2048,20,0.0,0.931937,0.187545,0.091565,1.119485
"baseline",1470087,2,32,4,2048,19,0.0,0.939604,0.188568,0.094584,1.128174
"baseline",1470087,2,32,4,2048,18,0.0,0.94825,0.189616,0.09885,1.137868
"baseline",1470087,2,32,4,2048,17,0.0,0.95976,0.190627,0.103192,1.150389
"baseline",1470087,2,32,4,2048,16,0.0,0.976374,0.191682,0.107695,1.168061
"baseline",1470087,2,32,4,2048,15,0.0,0.840602,0.192821,0.112133,1.033426
"baseline",1470087,2,32,4,2048,14,0.0,0.841361,0.193769,0.116095,1.035133
"baseline",1470087,2,32,4,2048,13,0.0,0.842169,0.194677,0.120848,1.036849
"baseline",1470087,2,32,4,2048,12,0.0,0.867927,0.195635,0.125719,1.063566
"baseline",1470087,2,32,4,2048,11,0.0,0.837096,0.196607,0.13056,1.033706
"baseline",1470087,2,32,4,2048,10,0.0,0.834636,0.197573,0.136464,1.032212
"baseline",1470087,2,32,4,2048,9,0.0,0.850769,0.198561,0.142116,1.049333
"baseline",1470087,2,32,4,2048,8,0.0,0.857209,0.199602,0.14808,1.056814
"baseline",1470087,2,32,4,2048,7,0.0,0.854438,0.200601,0.155512,1.055042
"baseline",1470087,2,32,4,2048,6,0.0,0.84515,0.201556,0.161238,1.046708
"baseline",1470087,2,32,4,2048,5,0.0,0.840164,0.202541,0.167621,1.042708
"baseline",1470087,2,32,4,2048,4,0.0,0.837823,0.203547,0.174116,1.041373
"baseline",1470087,2,32,4,2048,3,0.0,0.83011,0.204561,0.180989,1.034674
"baseline",1470087,2,32,4,2048,2,0.0,0.842137,0.205589,0.188323,1.047729
"baseline",1470087,2,32,4,2048,1,0.0,0.848054,0.206625,0.195746,1.054682
"baseline",1470087,2,32,4,2048,0,0.829251,0.022788,0.185116,0.180313,1.04933
"baseline",1470087,2,32,5,4096,31,0.0,3.798712,2.832272,0.241741,6.630987
"baseline",1470087,2,32,5,4096,30,0.0,3.799282,2.834147,0.232936,6.633432
"baseline",1470087,2,32,5,4096,29,0.0,3.801613,2.836038,0.666467,6.637654
"baseline",1470087,2,32,5,4096,28,0.0,3.804435,2.838669,0.251007,6.643107
"baseline",1470087,2,32,5,4096,27,0.0,3.808505,2.840777,0.241498,6.649284
"baseline",1470087,2,32,5,4096,26,0.0,3.81804,2.842914,0.259214,6.660958
"baseline",1470087,2,32,5,4096,25,0.0,3.823266,2.845115,0.760028,6.668384
"baseline",1470087,2,32,5,4096,24,0.0,3.832135,2.848035,0.302006,6.680174
"baseline",1470087,2,32,5,4096,23,0.0,3.844871,2.850301,0.9189,6.695173
"baseline",1470087,2,32,5,4096,22,0.0,3.851306,2.853079,0.914041,6.704388
"baseline",1470087,2,32,5,4096,21,0.0,3.861012,2.855449,0.936365,6.716463
"baseline",1470087,2,32,5,4096,20,0.0,3.866672,2.85797,0.951675,6.724644
"baseline",1470087,2,32,5,4096,19,0.0,3.873326,2.860613,0.981446,6.733943
"baseline",1470087,2,32,5,4096,18,0.0,3.886237,2.863802,1.011011,6.750042
"baseline",1470087,2,32,5,4096,17,0.0,3.895426,2.867076,1.054037,6.762505
"baseline",1470087,2,32,5,4096,16,0.0,3.906788,2.870389,1.069184,6.777181
"baseline",1470087,2,32,5,4096,15,0.0,3.775374,2.87368,1.091414,6.649057
"baseline",1470087,2,32,5,4096,14,0.0,3.765893,2.876082,1.115239,6.641978
"baseline",1470087,2,32,5,4096,13,0.0,3.790032,2.878824,1.147827,6.668859
"baseline",1470087,2,32,5,4096,12,0.0,3.790131,2.881662,1.180552,6.671797
"baseline",1470087,2,32,5,4096,11,0.0,3.761585,2.884566,1.219984,6.646152
"baseline",1470087,2,32,5,4096,10,0.0,3.790959,2.887492,1.271933,6.678455
"baseline",1470087,2,32,5,4096,9,0.0,3.774201,2.890442,1.366596,6.664645
"baseline",1470087,2,32,5,4096,8,0.0,3.770288,2.893403,1.490001,6.663694
"baseline",1470087,2,32,5,4096,7,0.0,3.773446,2.89586,2.324361,6.669309
"baseline",1470087,2,32,5,4096,6,0.0,3.777678,2.898446,2.366643,6.676128
"baseline",1470087,2,32,5,4096,5,0.0,3.75709,2.901478,2.416192,6.658571
"baseline",1470087,2,32,5,4096,4,0.0,3.760161,2.904701,2.4684,6.664865
"baseline",1470087,2,32,5,4096,3,0.0,3.757575,2.907987,2.536208,6.665565
"baseline",1470087,2,32,5,4096,2,0.0,3.754473,2.911381,2.588929,6.665857
"baseline",1470087,2,32,5,4096,1,0.0,3.750255,2.91472,2.716107,6.664979
"baseline",1470087,2,32,5,4096,0,3.724128,0.054204,2.86449,2.830453,6.690152
"baseline",1470087,2,32,6,8192,31,0.0,16.518023,29.662472,1.926617,46.180499
"baseline",1470087,2,32,6,8192,30,0.0,16.511904,29.672767,1.906837,46.184676
"baseline",1470087,2,32,6,8192,29,0.0,16.508859,29.681889,1.86992,46.190752
"baseline",1470087,2,32,6,8192,28,0.0,16.50611,29.691357,3.118207,46.19747
"baseline",1470087,2,32,6,8192,27,0.0,16.50695,29.700822,2.003411,46.207775
"baseline",1470087,2,32,6,8192,26,0.0,16.507237,29.711998,2.138706,46.219238
"baseline",1470087,2,32,6,8192,25,0.0,16.508013,29.722093,2.423138,46.230108
"baseline",1470087,2,32,6,8192,24,0.0,16.504812,29.732421,2.877523,46.237237
"baseline",1470087,2,32,6,8192,23,0.0,16.507456,29.742462,4.500654,46.249921
"baseline",1470087,2,32,6,8192,22,0.0,16.508069,29.754946,4.401943,46.263018
"baseline",1470087,2,32,6,8192,21,0.0,16.509381,29.766188,4.60414,46.275572
"baseline",1470087,2,32,6,8192,20,0.0,16.512356,29.7777,4.905493,46.29006
"baseline",1470087,2,32,6,8192,19,0.0,16.513804,29.78947,5.153869,46.303278
"baseline",1470087,2,32,6,8192,18,0.0,16.516396,29.802788,5.72893,46.319187
"baseline",1470087,2,32,6,8192,17,0.0,16.524014,29.815084,6.435481,46.339101
"baseline",1470087,2,32,6,8192,16,0.0,16.527235,29.827634,7.165323,46.354873
"baseline",1470087,2,32,6,8192,15,0.0,16.38095,29.840257,12.853038,46.22121
"baseline",1470087,2,32,6,8192,14,0.0,16.391941,29.852363,13.047906,46.244306
"baseline",1470087,2,32,6,8192,13,0.0,16.390853,29.864561,13.367895,46.255418
"baseline",1470087,2,32,6,8192,12,0.0,16.389353,29.877102,13.811406,46.266459
"baseline",1470087,2,32,6,8192,11,0.0,16.374028,29.889802,14.435381,46.263833
"baseline",1470087,2,32,6,8192,10,0.0,16.357796,29.902788,15.214951,46.260587
"baseline",1470087,2,32,6,8192,9,0.0,16.348932,29.91597,16.155439,46.264905
"baseline",1470087,2,32,6,8192,8,0.0,16.336907,29.929283,17.302697,46.266195
"baseline",1470087,2,32,6,8192,7,0.0,16.33655,29.942938,23.371131,46.279492
"baseline",1470087,2,32,6,8192,6,0.0,16.320838,29.956852,23.712317,46.277692
"baseline",1470087,2,32,6,8192,5,0.0,16.319795,29.970792,24.221483,46.290591
"baseline",1470087,2,32,6,8192,4,0.0,16.314899,29.985148,24.86114,46.30005
"baseline",1470087,2,32,6,8192,3,0.0,16.30526,29.999685,25.68321,46.304949
"baseline",1470087,2,32,6,8192,2,0.0,16.31826,30.014715,26.866325,46.33298
"baseline",1470087,2,32,6,8192,1,0.0,16.286992,30.02982,28.220116,46.316816
"baseline",1470087,2,32,6,8192,0,16.099969,0.246345,29.799436,29.550917,46.333573
